file 1 is:,407228412.fasta

file 2 is:,407228326.fasta

best score is:,545

start position is:,76

best matched line is:,............................................................................-**----------------*---*-----*--------*-*---***----*----*-*-*----*-*****-*--***--**-*-*-------**-----*-*--*---*------*-*-------*--*-*-*--*------*-*---*------*----------*-----**---**--*-*-*----*--**----------*---**-------------*---*----**-**--*----*----*---------**-----------------*****-----*------*-***----*-**---------*-*-*--*-*-*-*--*-*----------*-------------------*---*---*------*--*-----**----**----**-*--*--***---**-*-*------*---**-**----*---**-*--*--*-*----*------*------*------**-*---*---*--*-*-*-***-**-*---*---*--*-*-*-**--*---*---*--***--*---*--*-*-*----*-*-----**----*---*--***--*---*----*--**---**-*-*--*-*----*-*-*-----***----*----*--*---*-**-*---*----*-*****-*---*-*-------**--*-*----------***------*-**-*--*------------**----*----**-------*-----*--*------*--*-**-**-*------*---*-*--*-***-*---*------**-**----**-*-*--*-*----**-*-*--*-----**-*****----*-*---*---------**-------**-----**---**----*------*---*-*----------*--*--*-*-*--*-----**----*-*-**--**------*---**-*-**---*--*-*--------*-*-***-----------*----*------**--*-*------**--*--*--*---*----*-*--*-*---**-------**---*-------*-*---*-*-*--------*--*-***------*----*---****-*--*-----*-**-*-*------*--*---*----**--*-*-*-*-****-*--*-------*-*-***---**-*---*--------*-**---*------*-*-----**---*----**--*-*------*----*-*--------*-*-----------*--**---*-**----*-*-*--*-*-*--*-*-*--*-*--*-------*----*--**-----*------*----*--------**-*------------*--*------------*-----*---*-*------*-----**-----*-------*--*-*--*--*-------*----------**-*-*--***-*----**-*-------*-***--------------*---*-*---*---*--*--*-*--*-----*-----*-*--*-*-----*----*---**--------*-*---*-------------**-*------*--**--*-*-***---*-*-**-----**------*---**-*--*-*-------------------*-----*--*-------*--*--**--**----*---*--*--*-------*--*-**-**--**-*--*-***-------------*-*-****---*--*-*--*-*-*-**************

aligned s2 line is:,............................................................................AAAAAAACAAAAAGATACATATATATGATATATCTGATATATGATATATATATGATATATCTGATATATGATATATATATGATATATCTGATATATGATATATATATGATATATCTGATATATGATATATATATGATATATCTGATATATATACATATGGTATACATGAGATACATCATATGTATATATGGTATACATGAGATACATCATATGTATATATGGTATACATGAGATACATCATATGTATATATGGTATACATGAGATACATCATATGTATACATGAGATACATCATATGTATACATGAGATACATCATATGTATACATGAGATACATCATATGTATACATGAGATACATCATATGTATACATGAGATACATCATATGTATACATGAGATACATCATATGTATACATGAGATACATCATATGTATACATGACATACATCATATGTATACATGACATACATCATATGTATACATGACATACATATGTATATATGATACATATATATCATGTATATATGATACATATGTACATATATATGTATATATGATACATATGTATCATATATATCAGGTATATATGATACATATGTATCATATATATCAGGTATATATGATACATATGTATCATATATATCAGGTATATATGATACATATGTATCATATATATCAGGTATATATGATACATATGTATCATATATATCAGGTATATATGATACATATGTACATATATATCAGGTATATATGTACATATGTACATATATCAGGTATATATGTACATATGTACATATATATCAGGTATATATGTACATATGTACATATATATCAGGTATMTATGTACATATGWTCATATATATCAGGTATATATGTACATATGTTCATATATATCATGTATATATGAACATATGTACGTATATATCATGTATATATGATACATATATACGTATATATCATGTATATATGATACATGTATACGTATATATCATGTATATATGATACATATATACGTATATCATGTATATATGACGTACGTCATATATATCATGTGTATATATGATGTACGTCATATATATCAGATATCATATATACACATATATCCTATATGTGTATATATGATATATGTATATATGATCTATATACATATATATCATATGTTCTATGATATATATGATATATATCATATCTGATATATATGATATATATCATATCTGATATATATGATATATATCATATCTGATATATATGATATATATCATATCTGATATATATGATATATATCATATCTGATATATATGATATATATCATATCTGATATATGATATATATCATATCTGATATATGATATATATCATATCTGATATATATGATATATATCATATCTGATATATATGATATATATCATATCTGATATATATGATATATATCATATCTGATATATATGATATATATCATATCTGATATATATGATATATATCATATCTGATATATATGATATATATCATATCTGATATATATGATATATATCATATCTGATATATATGATATATATCATATCATATATGATATATGATATATATCATATCATATATGATATATGATATATATCATATCATATATGATATATGATATATATGATATATCATATCATATATGATATATGATATATATGATATATCATATCATATAATATATGATATGATATGATATGATATATATGATATATCATATCATATAATATATGATATATATGATATATATCATATATCATATATATAATATATGATATATATGATATATATCATATATCATATCATATATCTTTTTTTTTTTTTT
